<?xml version="1.0" encoding="UTF-8" ?>
<QTreeNode type="EXPERIMENT" name="Experiment">
  <html></html>
  <attribute key="subjectcode_caption" value="Participant ID"/>
  <attribute key="viewer_language" value="en"/>
  <attribute key="notes" value=""/>
  <attribute key="question_list" value="false"/>
  <attribute key="randomizeChildren" value="false"/>
  <attribute key="experimentcode" value="P00"/>
  <attribute key="experiment_export" value="false"/>
  <attribute key="answers_required" value="false">
    <attribute key="names" value=""/>
  </attribute>
  <attribute key="valid_code" value="false">
    <attribute key="codes" value=""/>
    <attribute key="ignorecase" value="false"/>
    <attribute key="path" value=""/>
  </attribute>
  <attribute key="ignore_timeout" value=""/>
  <attribute key="onlyShowXChildren" value="false">
    <attribute key="showNumberOfChildren" value="0"/>
  </attribute>
  <attribute key="sendmail" value="false">
    <attribute key="smtp_pass" value=""/>
    <attribute key="smtp_server" value=""/>
    <attribute key="smtp_user" value=""/>
    <attribute key="smtp_sender" value=""/>
    <attribute key="smtp_receiver" value=""/>
    <attribute key="smtp_server_sec" value="-"/>
    <attribute key="smtp_server_port" value="587"/>
  </attribute>
  <attribute key="max_time" value="false">
    <attribute key="hard_exit" value="false">
      <attribute key="show_warning" value="false">
        <attribute key="warning_message" value=""/>
        <attribute key="warning_time" value=""/>
      </attribute>
    </attribute>
    <attribute key="time" value=""/>
    <attribute key="message" value=""/>
  </attribute>
  <attribute key="timing_visible" value="true"/>
  <QTreeNode type="CATEGORY" name="Initial baseline">
    <html>&lt;center&gt;
    &lt;img src=&quot;relax.png&quot; alt=&quot;centered image&quot;  width=&quot;800&quot; height=&quot;auto&quot;&gt;
&lt;/center&gt;</html>
    <attribute key="questionswitching" value="false"/>
    <attribute key="answers_required" value="false">
      <attribute key="names" value=""/>
    </attribute>
    <attribute key="inactive" value="false"/>
    <attribute key="notes" value=""/>
    <attribute key="ignore_timeout" value=""/>
    <attribute key="onlyShowXChildren" value="false">
      <attribute key="showNumberOfChildren" value="0"/>
    </attribute>
    <attribute key="randomizeChildren" value="false"/>
    <attribute key="start_external_progs" value="false">
      <attribute key="commands" value=""/>
    </attribute>
    <attribute key="max_time" value="true">
      <attribute key="ignore_timeout" value="false"/>
      <attribute key="hard_exit" value="true">
        <attribute key="show_warning" value="false">
          <attribute key="warning_message" value=""/>
          <attribute key="warning_time" value=""/>
        </attribute>
      </attribute>
      <attribute key="time" value="300"/>
      <attribute key="message" value=""/>
    </attribute>
    <attribute key="donotshowcontent" value="false"/>
    <attribute key="codeviewer" value="false">
      <attribute key="path" value=""/>
      <attribute key="recorder" value="false">
        <attribute key="scrolling" value="false">
          <attribute key="join" value="false">
            <attribute key="jointime" value=""/>
          </attribute>
        </attribute>
        <attribute key="change" value="false">
          <attribute key="join" value="false">
            <attribute key="jointime" value=""/>
          </attribute>
        </attribute>
      </attribute>
      <attribute key="syntaxhighlighting" value="false"/>
      <attribute key="editable" value="false"/>
      <attribute key="openedByStart" value="false">
        <attribute key="startPath" value=""/>
      </attribute>
      <attribute key="linenumbers" value="false"/>
      <attribute key="searchable" value="false">
        <attribute key="enableglobal" value="false"/>
        <attribute key="disableregex" value="false"/>
      </attribute>
    </attribute>
    <parent reference="../.."/>
  </QTreeNode>
  <QTreeNode type="CATEGORY" name="Understanding">
    <html>&lt;center&gt;
	&lt;img src=&quot;+.png&quot; width=&quot;1000&quot; height=&quot;auto&quot;&gt;
&lt;/center&gt;
</html>
    <attribute key="questionswitching" value="false"/>
    <attribute key="answers_required" value="false">
      <attribute key="names" value=""/>
    </attribute>
    <attribute key="inactive" value="false"/>
    <attribute key="notes" value=""/>
    <attribute key="ignore_timeout" value=""/>
    <attribute key="onlyShowXChildren" value="false">
      <attribute key="showNumberOfChildren" value="0"/>
    </attribute>
    <attribute key="randomizeChildren" value="false"/>
    <attribute key="start_external_progs" value="false">
      <attribute key="commands" value=""/>
    </attribute>
    <attribute key="max_time" value="false">
      <attribute key="ignore_timeout" value="false"/>
      <attribute key="hard_exit" value="false">
        <attribute key="show_warning" value="false">
          <attribute key="warning_message" value=""/>
          <attribute key="warning_time" value=""/>
        </attribute>
      </attribute>
      <attribute key="time" value=""/>
      <attribute key="message" value=""/>
    </attribute>
    <attribute key="donotshowcontent" value="false"/>
    <attribute key="codeviewer" value="false">
      <attribute key="path" value=""/>
      <attribute key="recorder" value="false">
        <attribute key="scrolling" value="false">
          <attribute key="join" value="false">
            <attribute key="jointime" value=""/>
          </attribute>
        </attribute>
        <attribute key="change" value="false">
          <attribute key="join" value="false">
            <attribute key="jointime" value=""/>
          </attribute>
        </attribute>
      </attribute>
      <attribute key="syntaxhighlighting" value="false"/>
      <attribute key="editable" value="false"/>
      <attribute key="openedByStart" value="false">
        <attribute key="startPath" value=""/>
      </attribute>
      <attribute key="linenumbers" value="false"/>
      <attribute key="searchable" value="false">
        <attribute key="enableglobal" value="false"/>
        <attribute key="disableregex" value="false"/>
      </attribute>
    </attribute>
    <parent reference="../.."/>
    <QTreeNode type="QUESTION" name="Understanding - Question1">
      <html>&lt;p&gt;1) Consider the &lt;i&gt;HTML&lt;/i&gt; code shown below, together with the Selenium/Java code snippet:&lt;/p&gt; 

&lt;br&gt;
&lt;img src=&quot;trial1-task1a.png&quot; width=&quot;600&quot; height=&quot;auto&quot;&gt;
&lt;br&gt;
&lt;img src=&quot;trial1-task1b.png&quot; width=&quot;600&quot; height=&quot;auto&quot;&gt;

&lt;p&gt;&lt;b&gt;Which value is expected to be printed?&lt;/b&gt;&lt;/p&gt;
&lt;br&gt;

&lt;textarea name=&quot;b1-q1&quot; id=&quot;b1-q1&quot; cols=&quot;50&quot; rows=&quot;3&quot;&gt;&lt;/textarea&gt;</html>
      <attribute key="answers_required" value="false">
        <attribute key="names" value=""/>
      </attribute>
      <attribute key="inactive" value="false"/>
      <attribute key="notes" value=""/>
      <attribute key="ignore_timeout" value=""/>
      <attribute key="max_time" value="false">
        <attribute key="hard_exit" value="false">
          <attribute key="show_warning" value="false">
            <attribute key="warning_message" value=""/>
            <attribute key="warning_time" value=""/>
          </attribute>
        </attribute>
        <attribute key="time" value=""/>
        <attribute key="message" value=""/>
      </attribute>
      <parent reference="../.."/>
    </QTreeNode>
    <QTreeNode type="QUESTION" name="Understanding - Question2">
      <html>&lt;p&gt;2) Consider the Selenium code snippet shown below:&lt;/p&gt;

&lt;br&gt;
&lt;img src=&quot;trial3-task1.png&quot; width=&quot;650&quot; height=&quot;auto&quot;&gt;

&lt;p&gt;&lt;b&gt;Describe what this test script does.&lt;/b&gt;&lt;/p&gt;
&lt;textarea name=&quot;b1-q2&quot; id=&quot;b1-q2&quot; cols=&quot;57&quot; rows=&quot;2&quot;&gt;&lt;/textarea&gt;</html>
      <attribute key="answers_required" value="false">
        <attribute key="names" value=""/>
      </attribute>
      <attribute key="inactive" value="false"/>
      <attribute key="ignore_timeout" value=""/>
      <attribute key="max_time" value="false">
        <attribute key="hard_exit" value="true">
          <attribute key="show_warning" value="false">
            <attribute key="warning_message" value=""/>
            <attribute key="warning_time" value=""/>
          </attribute>
        </attribute>
        <attribute key="time" value="4"/>
        <attribute key="message" value=""/>
      </attribute>
      <parent reference="../.."/>
    </QTreeNode>
    <QTreeNode type="QUESTION" name="Understanding - Question3">
      <html>&lt;p&gt;3) Consider the &lt;i&gt;HTML&lt;/i&gt; code shown below:&lt;/p&gt;

&lt;br&gt;
&lt;img src=&quot;trial1-task3.png&quot; width=&quot;850&quot; height=&quot;auto&quot;&gt;

&lt;p&gt;&lt;b&gt;This HTML form contains four fields. What are these fields and their respective types?&lt;/b&gt;&lt;/p&gt;
&lt;br&gt;

&lt;textarea name=&quot;b1-q3&quot; id=&quot;b1-q3&quot; cols=&quot;57&quot; rows=&quot;3&quot;&gt;&lt;/textarea&gt;
</html>
      <attribute key="answers_required" value="false">
        <attribute key="names" value=""/>
      </attribute>
      <attribute key="inactive" value="false"/>
      <attribute key="notes" value=""/>
      <attribute key="ignore_timeout" value=""/>
      <attribute key="max_time" value="false">
        <attribute key="hard_exit" value="false">
          <attribute key="show_warning" value="false">
            <attribute key="warning_message" value=""/>
            <attribute key="warning_time" value=""/>
          </attribute>
        </attribute>
        <attribute key="time" value=""/>
        <attribute key="message" value=""/>
      </attribute>
      <parent reference="../.."/>
    </QTreeNode>
  </QTreeNode>
  <QTreeNode type="CATEGORY" name="Syntax Error">
    <html>
&lt;center&gt;
	&lt;img src=&quot;+.png&quot; width=&quot;1000&quot; height=&quot;auto&quot;&gt;
&lt;/center&gt;</html>
    <attribute key="answers_required" value="false">
      <attribute key="names" value=""/>
    </attribute>
    <attribute key="questionswitching" value="false"/>
    <attribute key="inactive" value="false"/>
    <attribute key="notes" value=""/>
    <attribute key="ignore_timeout" value="false"/>
    <attribute key="onlyShowXChildren" value="false">
      <attribute key="showNumberOfChildren" value="0"/>
    </attribute>
    <attribute key="randomizeChildren" value="false"/>
    <attribute key="start_external_progs" value="false">
      <attribute key="commands" value=""/>
    </attribute>
    <attribute key="max_time" value="false">
      <attribute key="ignore_timeout" value="false"/>
      <attribute key="hard_exit" value="true">
        <attribute key="show_warning" value="false">
          <attribute key="warning_message" value=""/>
          <attribute key="warning_time" value=""/>
        </attribute>
      </attribute>
      <attribute key="time" value="30"/>
      <attribute key="message" value=""/>
    </attribute>
    <attribute key="donotshowcontent" value="false"/>
    <attribute key="codeviewer" value="false">
      <attribute key="path" value=""/>
      <attribute key="recorder" value="false">
        <attribute key="scrolling" value="false">
          <attribute key="join" value="false">
            <attribute key="jointime" value=""/>
          </attribute>
        </attribute>
        <attribute key="change" value="false">
          <attribute key="join" value="false">
            <attribute key="jointime" value=""/>
          </attribute>
        </attribute>
      </attribute>
      <attribute key="syntaxhighlighting" value="false"/>
      <attribute key="editable" value="false"/>
      <attribute key="openedByStart" value="false">
        <attribute key="startPath" value=""/>
      </attribute>
      <attribute key="linenumbers_default" value="false"/>
      <attribute key="linenumbers" value="false"/>
      <attribute key="searchable" value="false">
        <attribute key="enableglobal" value="false"/>
        <attribute key="disableregex" value="false"/>
      </attribute>
    </attribute>
    <parent reference="../.."/>
    <QTreeNode type="QUESTION" name="Syntax- Question 1">
      <html>&lt;p&gt;1) Consider the Selenium/Java code snippet shown below:&lt;/p&gt;
&lt;br&gt;
&lt;img src=&quot;trial1-task2&quot; width=&quot;700&quot; height=&quot;auto&quot;&gt;

&lt;br&gt;&lt;br&gt;
&lt;b&gt;On which line is there a syntax error?&lt;/b&gt;
&lt;br&gt;

&lt;div&gt;
  &lt;input type=&quot;radio&quot; id=&quot;1a&quot; name=&quot;b2-q1&quot; value=&quot;2a&quot;&gt;
  &lt;label for=&quot;1a&quot;&gt;line 5&lt;/label&gt;
&lt;/div&gt;

&lt;div&gt;
  &lt;input type=&quot;radio&quot; id=&quot;1b&quot; name=&quot;b2-q1&quot; value=&quot;2b&quot;&gt;
  &lt;label for=&quot;1b&quot;&gt;line 17&lt;/label&gt;
&lt;/div&gt;

&lt;div&gt;
  &lt;input type=&quot;radio&quot; id=&quot;1c&quot; name=&quot;b2-q1&quot; value=&quot;2c&quot;&gt;
  &lt;label for=&quot;1c&quot;&gt;line 23&lt;/label&gt;
&lt;/div&gt;

&lt;div&gt;
  &lt;input type=&quot;radio&quot; id=&quot;1d&quot; name=&quot;b2-q1&quot; value=&quot;2d&quot;&gt;
  &lt;label for=&quot;1d&quot;&gt;line 28&lt;/label&gt;
&lt;/div&gt;
</html>
      <attribute key="answers_required" value="false">
        <attribute key="names" value=""/>
      </attribute>
      <attribute key="inactive" value="false"/>
      <attribute key="ignore_timeout" value=""/>
      <attribute key="max_time" value="false">
        <attribute key="hard_exit" value="false">
          <attribute key="show_warning" value="false">
            <attribute key="warning_message" value=""/>
            <attribute key="warning_time" value=""/>
          </attribute>
        </attribute>
        <attribute key="time" value=""/>
        <attribute key="message" value=""/>
      </attribute>
      <parent reference="../.."/>
    </QTreeNode>
    <QTreeNode type="QUESTION" name="Syntax- Question 2">
      <html>&lt;p&gt;2) Consider the Selenium/Java code snippet shown below:&lt;/p&gt;
&lt;br&gt;
&lt;img src=&quot;trial2-task2.png&quot; width=&quot;950&quot; height=&quot;auto&quot;&gt;

&lt;br&gt;&lt;br&gt;
&lt;b&gt;On which line is there a syntax error?&lt;/b&gt;
&lt;br&gt;

&lt;div&gt;
  &lt;input type=&quot;radio&quot; id=&quot;2a&quot; name=&quot;b2-q2&quot; value=&quot;2a&quot;&gt;
  &lt;label for=&quot;2a&quot;&gt;line 14&lt;/label&gt;
&lt;/div&gt;

&lt;div&gt;
  &lt;input type=&quot;radio&quot; id=&quot;2b&quot; name=&quot;b2-q2&quot; value=&quot;2b&quot;&gt;
  &lt;label for=&quot;2b&quot;&gt;line 17&lt;/label&gt;
&lt;/div&gt;

&lt;div&gt;
  &lt;input type=&quot;radio&quot; id=&quot;2c&quot; name=&quot;b2-q2&quot; value=&quot;2c&quot;&gt;
  &lt;label for=&quot;2c&quot;&gt;line 19&lt;/label&gt;
&lt;/div&gt;

&lt;div&gt;
  &lt;input type=&quot;radio&quot; id=&quot;2d&quot; name=&quot;b2-q2&quot; value=&quot;2d&quot;&gt;
  &lt;label for=&quot;2d&quot;&gt;line 23&lt;/label&gt;
&lt;/div&gt;
</html>
      <attribute key="answers_required" value="false">
        <attribute key="names" value=""/>
      </attribute>
      <attribute key="inactive" value="false"/>
      <attribute key="ignore_timeout" value=""/>
      <attribute key="max_time" value="false">
        <attribute key="hard_exit" value="false">
          <attribute key="show_warning" value="false">
            <attribute key="warning_message" value=""/>
            <attribute key="warning_time" value=""/>
          </attribute>
        </attribute>
        <attribute key="time" value=""/>
        <attribute key="message" value=""/>
      </attribute>
      <parent reference="../.."/>
    </QTreeNode>
    <QTreeNode type="QUESTION" name="Syntax- Question 3">
      <html>&lt;p&gt;3) Consider the Selenium/Java code snippet shown below:&lt;/p&gt;
&lt;br&gt;
&lt;img src=&quot;trial3-task2&quot; width=&quot;800&quot; height=&quot;auto&quot;&gt;

&lt;br&gt;&lt;br&gt;
&lt;b&gt;On which line is there a syntax error?&lt;/b&gt;
&lt;br&gt;

&lt;div&gt;
  &lt;input type=&quot;radio&quot; id=&quot;3a&quot; name=&quot;b2-q3&quot; value=&quot;2a&quot;&gt;
  &lt;label for=&quot;3a&quot;&gt;line 6&lt;/label&gt;
&lt;/div&gt;

&lt;div&gt;
  &lt;input type=&quot;radio&quot; id=&quot;3b&quot; name=&quot;b2-q3&quot; value=&quot;2b&quot;&gt;
  &lt;label for=&quot;3b&quot;&gt;line 13&lt;/label&gt;
&lt;/div&gt;

&lt;div&gt;
  &lt;input type=&quot;radio&quot; id=&quot;3c&quot; name=&quot;b2-q3&quot; value=&quot;2c&quot;&gt;
  &lt;label for=&quot;3c&quot;&gt;line 16&lt;/label&gt;
&lt;/div&gt;

&lt;div&gt;
  &lt;input type=&quot;radio&quot; id=&quot;3d&quot; name=&quot;b2-q3&quot; v
</html>
      <attribute key="answers_required" value="false">
        <attribute key="names" value=""/>
      </attribute>
      <attribute key="inactive" value="false"/>
      <attribute key="ignore_timeout" value=""/>
      <attribute key="max_time" value="false">
        <attribute key="hard_exit" value="false">
          <attribute key="show_warning" value="false">
            <attribute key="warning_message" value=""/>
            <attribute key="warning_time" value=""/>
          </attribute>
        </attribute>
        <attribute key="time" value=""/>
        <attribute key="message" value=""/>
      </attribute>
      <parent reference="../.."/>
    </QTreeNode>
  </QTreeNode>
  <QTreeNode type="CATEGORY" name="Logic Error">
    <html>
&lt;center&gt;
	&lt;img src=&quot;+.png&quot; width=&quot;1000&quot; height=&quot;auto&quot;&gt;
&lt;/center&gt;</html>
    <attribute key="answers_required" value="false">
      <attribute key="names" value=""/>
    </attribute>
    <attribute key="questionswitching" value="false"/>
    <attribute key="inactive" value="false"/>
    <attribute key="ignore_timeout" value="false"/>
    <attribute key="onlyShowXChildren" value="false">
      <attribute key="showNumberOfChildren" value="0"/>
    </attribute>
    <attribute key="randomizeChildren" value="false"/>
    <attribute key="start_external_progs" value="false">
      <attribute key="commands" value=""/>
    </attribute>
    <attribute key="max_time" value="false">
      <attribute key="ignore_timeout" value="false"/>
      <attribute key="hard_exit" value="true">
        <attribute key="show_warning" value="false">
          <attribute key="warning_message" value=""/>
          <attribute key="warning_time" value=""/>
        </attribute>
      </attribute>
      <attribute key="time" value=""/>
      <attribute key="message" value=""/>
    </attribute>
    <attribute key="donotshowcontent" value="false"/>
    <attribute key="codeviewer" value="false">
      <attribute key="path" value=""/>
      <attribute key="recorder" value="false">
        <attribute key="scrolling" value="false">
          <attribute key="join" value="false">
            <attribute key="jointime" value=""/>
          </attribute>
        </attribute>
        <attribute key="change" value="false">
          <attribute key="join" value="false">
            <attribute key="jointime" value=""/>
          </attribute>
        </attribute>
      </attribute>
      <attribute key="syntaxhighlighting" value="false"/>
      <attribute key="editable" value="false"/>
      <attribute key="openedByStart" value="false">
        <attribute key="startPath" value=""/>
      </attribute>
      <attribute key="linenumbers_default" value="false"/>
      <attribute key="linenumbers" value="false"/>
      <attribute key="searchable" value="false">
        <attribute key="enableglobal" value="false"/>
        <attribute key="disableregex" value="false"/>
      </attribute>
    </attribute>
    <parent reference="../.."/>
    <QTreeNode type="QUESTION" name="Logic- Question 1">
      <html>&lt;p&gt;1) Consider the Selenium/Java code snippet shown below:&lt;/p&gt;
&lt;br&gt;
&lt;img src=&quot;trial1-task3&quot; width=&quot;800&quot; height=&quot;auto&quot;&gt;

&lt;br&gt;&lt;br&gt;
&lt;b&gt;On which line is there a logic error?&lt;/b&gt;
&lt;br&gt;

&lt;div&gt;
  &lt;input type=&quot;radio&quot; id=&quot;b3q1a&quot; name=&quot;b3-q1&quot; value=&quot;2a&quot;&gt;
  &lt;label for=&quot;b3q1a&quot;&gt;line 20&lt;/label&gt;
&lt;/div&gt;

&lt;div&gt;
  &lt;input type=&quot;radio&quot; id=&quot;b3q1b&quot; name=&quot;b3-q1&quot; value=&quot;2b&quot;&gt;
  &lt;label for=&quot;b3q1b&quot;&gt;line 21&lt;/label&gt;
&lt;/div&gt;

&lt;div&gt;
  &lt;input type=&quot;radio&quot; id=&quot;b3q1c&quot; name=&quot;b3-q1&quot; value=&quot;2c&quot;&gt;
  &lt;label for=&quot;b3q1c&quot;&gt;line 29&lt;/label&gt;
&lt;/div&gt;

&lt;div&gt;
  &lt;input type=&quot;radio&quot; id=&quot;b3q1d&quot; name=&quot;b3-q1&quot; value=&quot;2d&quot;&gt;
  &lt;label for=&quot;b3q1d&quot;&gt;line 30&lt;/label&gt;
&lt;/div&gt;
</html>
      <attribute key="answers_required" value="false">
        <attribute key="names" value=""/>
      </attribute>
      <attribute key="inactive" value="false"/>
      <attribute key="ignore_timeout" value=""/>
      <attribute key="max_time" value="false">
        <attribute key="hard_exit" value="false">
          <attribute key="show_warning" value="false">
            <attribute key="warning_message" value=""/>
            <attribute key="warning_time" value=""/>
          </attribute>
        </attribute>
        <attribute key="time" value=""/>
        <attribute key="message" value=""/>
      </attribute>
      <parent reference="../.."/>
    </QTreeNode>
    <QTreeNode type="QUESTION" name="Logic- Question 2">
      <html>&lt;p&gt;2) Consider the Selenium/Java code snippet shown below:&lt;/p&gt;
&lt;br&gt;
&lt;img src=&quot;trial2-task3&quot; width=&quot;950&quot; height=&quot;auto&quot;&gt;

&lt;br&gt;&lt;br&gt;
&lt;b&gt;On which line is there a logic error?&lt;/b&gt;
&lt;br&gt;

&lt;div&gt;
  &lt;input type=&quot;radio&quot; id=&quot;b3q2a&quot; name=&quot;b3-q2&quot; value=&quot;3a&quot;&gt;
  &lt;label for=&quot;b3q2a&quot;&gt;line 18&lt;/label&gt;
&lt;/div&gt;

&lt;div&gt;
  &lt;input type=&quot;radio&quot; id=&quot;b3q2b&quot; name=&quot;b3-q2&quot; value=&quot;3b&quot;&gt;
  &lt;label for=&quot;b3q2b&quot;&gt;line 21&lt;/label&gt;
&lt;/div&gt;

&lt;div&gt;
  &lt;input type=&quot;radio&quot; id=&quot;b3q2c&quot; name=&quot;b3-q2&quot; value=&quot;3c&quot;&gt;
  &lt;label for=&quot;b3q2c&quot;&gt;line 23&lt;/label&gt;
&lt;/div&gt;

&lt;div&gt;
  &lt;input type=&quot;radio&quot; id=&quot;b3q2d&quot; name=&quot;b3-
</html>
      <attribute key="answers_required" value="false">
        <attribute key="names" value=""/>
      </attribute>
      <attribute key="inactive" value="false"/>
      <attribute key="ignore_timeout" value=""/>
      <attribute key="max_time" value="false">
        <attribute key="hard_exit" value="false">
          <attribute key="show_warning" value="false">
            <attribute key="warning_message" value=""/>
            <attribute key="warning_time" value=""/>
          </attribute>
        </attribute>
        <attribute key="time" value=""/>
        <attribute key="message" value=""/>
      </attribute>
      <parent reference="../.."/>
    </QTreeNode>
    <QTreeNode type="QUESTION" name="Logic- Question 3">
      <html>&lt;p&gt;3) Consider the Selenium/Java code snippet shown below:&lt;/p&gt;
&lt;br&gt;
&lt;img src=&quot;trial3-task3.png&quot; width=&quot;600&quot; height=&quot;auto&quot;&gt;

&lt;p&gt;&lt;b&gt;What is the issue with this code?&lt;/b&gt;&lt;/p&gt;

&lt;div&gt;
  &lt;input type=&quot;radio&quot; id=&quot;b3q3a&quot; name=&quot;b3-q3&quot; value=&quot;1a&quot;&gt;
  &lt;label for=&quot;b3q3a&quot;&gt;The code inside the &quot;main&quot; function is not properly indented&lt;/label&gt;
&lt;/div&gt;

&lt;div&gt;
  &lt;input type=&quot;radio&quot; id=&quot;b3q3b&quot; name=&quot;b3-q3&quot; value=&quot;1b&quot;&gt;
  &lt;label for=&quot;b3q3b&quot;&gt;java.io.IOException is missing in the &quot;main&quot; function&lt;/label&gt;
&lt;/div&gt;

&lt;div&gt;
  &lt;input type=&quot;radio&quot; id=&quot;b3q3c&quot; name=&quot;b3-q3&quot; value=&quot;1c&quot;&gt;
  &lt;label for=&quot;b3q3c&quot;&gt;The WebDriver object should be &quot;new FirefoxDriver()&quot;&lt;/label&gt;
&lt;/div&gt;

&lt;div&gt;
  &lt;input type=&quot;radio&quot; id=&quot;b3q3d&quot; name=&quot;b3-q3&quot; value=&quot;1d&quot;&gt;
  &lt;label for=&quot;b3q3d&quot;&gt;The driver location should not include &quot;.exe&quot; at the end&lt;/label&gt;
&lt;/div&gt;
</html>
      <attribute key="answers_required" value="false">
        <attribute key="names" value=""/>
      </attribute>
      <attribute key="inactive" value="false"/>
      <attribute key="ignore_timeout" value=""/>
      <attribute key="max_time" value="false">
        <attribute key="hard_exit" value="false">
          <attribute key="show_warning" value="false">
            <attribute key="warning_message" value=""/>
            <attribute key="warning_time" value=""/>
          </attribute>
        </attribute>
        <attribute key="time" value=""/>
        <attribute key="message" value=""/>
      </attribute>
      <parent reference="../.."/>
    </QTreeNode>
  </QTreeNode>
  <QTreeNode type="CATEGORY" name="Test Case Creation">
    <html>
&lt;center&gt;
	&lt;img src=&quot;+.png&quot; width=&quot;1000&quot; height=&quot;auto&quot;&gt;
&lt;/center&gt;</html>
    <attribute key="answers_required" value="false">
      <attribute key="names" value=""/>
    </attribute>
    <attribute key="questionswitching" value="false"/>
    <attribute key="inactive" value="false"/>
    <attribute key="ignore_timeout" value="false"/>
    <attribute key="onlyShowXChildren" value="false">
      <attribute key="showNumberOfChildren" value="0"/>
    </attribute>
    <attribute key="randomizeChildren" value="false"/>
    <attribute key="start_external_progs" value="false">
      <attribute key="commands" value=""/>
    </attribute>
    <attribute key="max_time" value="false">
      <attribute key="ignore_timeout" value="false"/>
      <attribute key="hard_exit" value="false">
        <attribute key="show_warning" value="false">
          <attribute key="warning_message" value=""/>
          <attribute key="warning_time" value=""/>
        </attribute>
      </attribute>
      <attribute key="time" value=""/>
      <attribute key="message" value=""/>
    </attribute>
    <attribute key="donotshowcontent" value="false"/>
    <attribute key="codeviewer" value="false">
      <attribute key="path" value=""/>
      <attribute key="recorder" value="false">
        <attribute key="scrolling" value="false">
          <attribute key="join" value="false">
            <attribute key="jointime" value=""/>
          </attribute>
        </attribute>
        <attribute key="change" value="false">
          <attribute key="join" value="false">
            <attribute key="jointime" value=""/>
          </attribute>
        </attribute>
      </attribute>
      <attribute key="syntaxhighlighting" value="false"/>
      <attribute key="editable" value="false"/>
      <attribute key="openedByStart" value="false">
        <attribute key="startPath" value=""/>
      </attribute>
      <attribute key="linenumbers_default" value="false"/>
      <attribute key="linenumbers" value="false"/>
      <attribute key="searchable" value="false">
        <attribute key="enableglobal" value="false"/>
        <attribute key="disableregex" value="false"/>
      </attribute>
    </attribute>
    <parent reference="../.."/>
    <QTreeNode type="QUESTION" name="Test Case - Question 1">
      <html>&lt;p&gt;1) Consider the behavior of the &lt;i&gt;&quot;Order Pizza&quot;&lt;/i&gt; text box:&lt;/p&gt;

&lt;br&gt;
&lt;img src=&quot;trial1-task4.png&quot; width=&quot;800&quot; height=&quot;auto&quot;&gt;
&lt;br&gt;&lt;br&gt;&lt;br&gt;

&lt;ul&gt;
  &lt;li&gt;Values from 1 to 10 are considered &lt;b&gt;valid&lt;/b&gt;. A success message is displayed.&lt;/li&gt;
  &lt;li&gt;Values from 11 to 99 are considered &lt;b&gt;invalid&lt;/b&gt;, and an error message will appear: &quot;Only 10 pizzas can be ordered&quot;&lt;/li&gt;
&lt;/ul&gt;

&lt;br&gt;&lt;br&gt;
&lt;p&gt;&lt;b&gt;List at least 4 test scenarios you would execute for this case.&lt;/b&gt;&lt;/p&gt;
&lt;br&gt;
&lt;textarea name=&quot;b4-q1&quot; id=&quot;b4-q1&quot; cols=&quot;50&quot; rows=&quot;7&quot;&gt;&lt;/textarea&gt;
</html>
      <attribute key="ignore_timeout" value=""/>
      <parent reference="../.."/>
    </QTreeNode>
    <QTreeNode type="QUESTION" name="Test Case - Question 2">
      <html>&lt;p&gt;2) List at least 4 test scenarios you would execute to cover the following functionality:&lt;/p&gt;

&lt;br&gt;
&lt;img src=&quot;trial2-task4.png&quot; width=&quot;800&quot; height=&quot;auto&quot;&gt;

&lt;ul&gt;
  &lt;li&gt;At least 8 characters and a maximum of 10 characters&lt;/li&gt;
  &lt;li&gt;A mix of uppercase and lowercase letters&lt;/li&gt;
  &lt;li&gt;A combination of letters and numbers&lt;/li&gt;
&lt;/ul&gt;

&lt;p&gt;Example of a valid input: &lt;b&gt;Lhd@800pm&lt;/b&gt;&lt;br&gt;
Example of an invalid input: &lt;b&gt;Lhd@8pm&lt;/b&gt;&lt;/p&gt;

&lt;p&gt;&lt;b&gt;Answer:&lt;/b&gt;&lt;/p&gt;
&lt;textarea name=&quot;b4-q2&quot; id=&quot;b4-q2&quot; cols=&quot;50&quot; rows=&quot;7&quot;&gt;&lt;/textarea&gt;
</html>
      <attribute key="ignore_timeout" value=""/>
      <parent reference="../.."/>
    </QTreeNode>
    <QTreeNode type="QUESTION" name="Test Case - Question 3">
      <html>&lt;p&gt;3) Consider the Selenium/Java code snippet shown below:&lt;/p&gt;
&lt;br&gt;
&lt;img src=&quot;trial3-task4.jpg&quot; width=&quot;600&quot; height=&quot;auto&quot;&gt;

&lt;p&gt;&lt;b&gt;Complete this test case to print &lt;i&gt;&quot;Passed&quot;&lt;/i&gt; if the title is correct, or &lt;i&gt;&quot;Failed&quot;&lt;/i&gt; otherwise.&lt;/b&gt;&lt;/p&gt;
&lt;br&gt;
&lt;textarea name=&quot;b4-q3&quot; id=&quot;b4-q3&quot; cols=&quot;50&quot; rows=&quot;7&quot;&gt;&lt;/textarea&gt;
</html>
      <attribute key="answers_required" value="false">
        <attribute key="names" value=""/>
      </attribute>
      <attribute key="inactive" value="false"/>
      <attribute key="ignore_timeout" value=""/>
      <attribute key="max_time" value="false">
        <attribute key="hard_exit" value="false">
          <attribute key="show_warning" value="false">
            <attribute key="warning_message" value=""/>
            <attribute key="warning_time" value=""/>
          </attribute>
        </attribute>
        <attribute key="time" value=""/>
        <attribute key="message" value=""/>
      </attribute>
      <parent reference="../.."/>
    </QTreeNode>
  </QTreeNode>
</QTreeNode>